{
  "rouge1": 0.3095217575549766,
  "rouge2": 0.17279316024170022,
  "rougeL": 0.22406080783181742,
  "bertscore": 0.8635631364583969
}