{
  "rouge1": 0.5202934454593809,
  "rouge2": 0.3143645782992191,
  "rougeL": 0.3990733932250343,
  "bertscore": 0.9052319381038348
}
