{
  "rouge1": 0.4,
  "rouge2": 0.3148148148148148,
  "rougeL": 0.38181818181818183,
  "bertscore": 0.8745418190956116
}