{
  "rouge1": 0.3181234831473855,
  "rouge2": 0.17787308521282985,
  "rougeL": 0.23295236187359875,
  "bertscore": 0.8651349890232086
}