{
  "rouge1": 0.3646760292471253,
  "rouge2": 0.17983734270152854,
  "rougeL": 0.26911603307297227,
  "bertscore": 0.8790119022130967
}