{
  "rouge1": 0.32160804020100503,
  "rouge2": 0.2842639593908629,
  "rougeL": 0.3015075376884422,
  "bertscore": 0.8798913955688477
}