{
  "rouge1": 0.28614150504762875,
  "rouge2": 0.16875057031352053,
  "rougeL": 0.22289670101986428,
  "bertscore": 0.875061982870102
}