{
  "metrics": {
    "loss": 2.777179718017578,
    "rouge1": 0.0,
    "rouge2": 0.0,
    "rougeL": 0.0,
    "bertscore": 0.0
  },
  "runtime_seconds": 0.0,
  "end_time": "2026-01-31T01:37:56.149361"
}