{
  "metrics": {
    "loss": 9.591662406921387,
    "rouge1": 0.0,
    "rouge2": 0.0,
    "rougeL": 0.0,
    "bertscore": 0.0
  },
  "runtime_seconds": 38.13966941833496,
  "end_time": "2026-01-30 08:51:05.782320"
}