{
  "metrics": {
    "loss": 9.591662406921387,
    "rouge1": 0.0,
    "rouge2": 0.0,
    "rougeL": 0.0,
    "bertscore": 0.0
  },
  "runtime_seconds": 67.00382876396179,
  "end_time": "2026-01-29 00:10:20.135845"
}