{
  "rouge1": 0.31714047352187635,
  "rouge2": 0.16675773650462505,
  "rougeL": 0.23652806620954014,
  "bertscore": 0.8735569181044897
}