{
  "rouge1": 0.33283472238487473,
  "rouge2": 0.18874923847346745,
  "rougeL": 0.25255972431827376,
  "bertscore": 0.872398451209233
}