{
  "rouge1": 0.5206413476894413,
  "rouge2": 0.32017340267092664,
  "rougeL": 0.4012429737251391,
  "bertscore": 0.9060766400098801
}