{
  "rouge1": 0.24242424242424243,
  "rouge2": 0.0,
  "rougeL": 0.0909090909090909,
  "bertscore": 0.8611442446708679
}