{
  "rouge1": 0.2617235916120556,
  "rouge2": 0.10273501847525604,
  "rougeL": 0.19629315216321613,
  "bertscore": 0.8593106162548065
}