{
  "metrics": {
    "loss": 69.72083282470703,
    "rouge1": 0.0,
    "rouge2": 0.0,
    "rougeL": 0.0,
    "bertscore": 0.0
  },
  "runtime_seconds": 543.3480548858643,
  "end_time": "2026-01-29 00:26:41.257691"
}