{
  "metrics": {
    "loss": 1.5425962209701538,
    "rouge1": 0.0,
    "rouge2": 0.0,
    "rougeL": 0.0,
    "bertscore": 0.0
  },
  "runtime_seconds": 28.041621685028076,
  "end_time": "2026-01-31 00:16:04.120444"
}