{
  "metrics": {
    "loss": 1.5425962209701538,
    "rouge1": 0.0,
    "rouge2": 0.0,
    "rougeL": 0.0,
    "bertscore": 0.0
  },
  "runtime_seconds": 46.3294951915741,
  "end_time": "2026-01-30 14:03:37.747801"
}