{
  "rouge1": 0.28674622009664397,
  "rouge2": 0.17081492447989174,
  "rougeL": 0.22281845065140543,
  "bertscore": 0.875061982870102
}