{
  "metrics": {
    "loss": 5.114030838012695,
    "rouge1": 0.0,
    "rouge2": 0.0,
    "rougeL": 0.0,
    "bertscore": 0.0
  },
  "runtime_seconds": 29.112716674804688,
  "end_time": "2026-01-31 00:19:47.540254"
}