{
  "metrics": {
    "loss": 15.828513145446777,
    "rouge1": 0.0,
    "rouge2": 0.0,
    "rougeL": 0.0,
    "bertscore": 0.0
  },
  "runtime_seconds": 110.78544068336487,
  "end_time": "2026-01-29 00:05:40.882223"
}