{
  "rouge1": 0.33187629947769437,
  "rouge2": 0.18932012280497768,
  "rougeL": 0.2569847872837867,
  "bertscore": 0.8794247355659802
}