{
  "rouge1": 0.4232163064579455,
  "rouge2": 0.2622230164330281,
  "rougeL": 0.3356938892697119,
  "bertscore": 0.8955839773476124
}